Lead_ID,Name,Phone,Source_Number,Assigned_Role
LEAD-0001,Hari Subramanian,6682751893,Enquiry,ENQUIRY
LEAD-0002,Siddharth Tripathi,7564209312,Buyer,BUYER
LEAD-0003,Anand Pillai,6941460145,Site Visit,SITE_VISIT
LEAD-0004,Anika Verma,7265774428,Buyer,BUYER
LEAD-0005,Rahul Kulkarni,9064578569,Enquiry,ENQUIRY
LEAD-0006,Diya Shetty,8960094575,Buyer,BUYER
LEAD-0007,Krishna Roy,8234300072,Enquiry,ENQUIRY
LEAD-0008,Tanvi Reddy,9105578047,Channel Partner,CHANNEL_PARTNER
LEAD-0009,Shreya Iyer,7711435375,Buyer,BUYER
LEAD-0010,Vikram Iyer,6193180901,Site Visit,SITE_VISIT
LEAD-0011,Dinesh Tripathi,9618011434,Buyer,BUYER
LEAD-0012,Suresh Sundaram,6510663316,Channel Partner,CHANNEL_PARTNER
LEAD-0013,Nisha Gupta,9829126485,Buyer,BUYER
LEAD-0014,Aditya Krishnan,8731762453,Channel Partner,CHANNEL_PARTNER
LEAD-0015,Azhagu Rao,9293853730,Site Visit,SITE_VISIT
LEAD-0016,Divya Mukherjee,7279311607,Channel Partner,CHANNEL_PARTNER
LEAD-0017,Vivaan Reddy,7327767523,Buyer,BUYER
LEAD-0018,Sneha Das,6932170500,Site Visit,SITE_VISIT
LEAD-0019,Ramesh Verma,9568645436,Site Visit,SITE_VISIT
LEAD-0020,Vihaan Bhat,7374632477,Site Visit,SITE_VISIT
LEAD-0021,Gopal Patel,9169195408,Site Visit,SITE_VISIT
LEAD-0022,Gopal Chauhan,8762315986,Channel Partner,CHANNEL_PARTNER
LEAD-0023,Ayaan Yadav,6490300165,Buyer,BUYER
LEAD-0024,Hari Joshi,7340629397,Enquiry,ENQUIRY
LEAD-0025,Diya Shetty,7177195771,Site Visit,SITE_VISIT
LEAD-0026,Vihaan Jain,7587127390,Channel Partner,CHANNEL_PARTNER
LEAD-0027,Sai Arora,6390323177,Buyer,BUYER
LEAD-0028,Ira Kulkarni,8648913600,Buyer,BUYER
LEAD-0029,Aarav Jain,8207030495,Buyer,BUYER
LEAD-0030,Arjun Reddy,6223105030,Channel Partner,CHANNEL_PARTNER
LEAD-0031,Neha Kumar,8936388913,Enquiry,ENQUIRY
LEAD-0032,Aditya Naidu,8246128778,Enquiry,ENQUIRY
LEAD-0033,Dinesh Jain,6865368740,Enquiry,ENQUIRY
LEAD-0034,Krishna Pandey,7923574064,Site Visit,SITE_VISIT
LEAD-0035,Divya Pillai,8559554478,Buyer,BUYER
LEAD-0036,Arjun Malhotra,7240770966,Channel Partner,CHANNEL_PARTNER
LEAD-0037,Shreya Rao,7095768375,Channel Partner,CHANNEL_PARTNER
LEAD-0038,Neha Mukherjee,8137116632,Enquiry,ENQUIRY
LEAD-0039,Sneha Narayanan,9006798755,Enquiry,ENQUIRY
LEAD-0040,Azhagu Jain,6022021263,Enquiry,ENQUIRY
LEAD-0041,Naveen Balaji,9320083188,Buyer,BUYER
LEAD-0042,Vihaan Rao,8026424848,Site Visit,SITE_VISIT
LEAD-0043,Vasudevan Tripathi,6114459232,Site Visit,SITE_VISIT
LEAD-0044,Nisha Nair,8652792943,Channel Partner,CHANNEL_PARTNER
LEAD-0045,Krishna Venkatesh,6801061210,Channel Partner,CHANNEL_PARTNER
LEAD-0046,Meera Narayanan,9478274247,Channel Partner,CHANNEL_PARTNER
LEAD-0047,Ayaan Joshi,9193001215,Channel Partner,CHANNEL_PARTNER
LEAD-0048,Aditya Jain,7428565653,Site Visit,SITE_VISIT
LEAD-0049,Azhagu Aggarwal,7294384972,Buyer,BUYER
LEAD-0050,Vivaan Krishnan,9757600866,Buyer,BUYER
LEAD-0051,Nisha Kapoor,7821262155,Site Visit,SITE_VISIT
LEAD-0052,Meera Nair,8408047906,Buyer,BUYER
LEAD-0053,Nisha Tripathi,7423552326,Site Visit,SITE_VISIT
LEAD-0054,Shreya Verma,6259577424,Site Visit,SITE_VISIT
LEAD-0055,Pranav Yadav,7627611614,Buyer,BUYER
LEAD-0056,Ira Roy,9397040587,Site Visit,SITE_VISIT
LEAD-0057,Aadhya Chauhan,7103168630,Buyer,BUYER
LEAD-0058,Navaneethan Mukherjee,7065173961,Buyer,BUYER
LEAD-0059,Anand Rao,7606243870,Buyer,BUYER
LEAD-0060,Dinesh Shetty,9056563349,Enquiry,ENQUIRY
LEAD-0061,Tanvi Arora,9652671671,Channel Partner,CHANNEL_PARTNER
LEAD-0062,Tanvi Verma,6713783138,Enquiry,ENQUIRY
LEAD-0063,Riya Tripathi,9608563284,Site Visit,SITE_VISIT
LEAD-0064,Akash Reddy,7912457063,Buyer,BUYER
LEAD-0065,Suresh Bhat,9406744218,Enquiry,ENQUIRY
LEAD-0066,Anand Aggarwal,8403143886,Site Visit,SITE_VISIT
LEAD-0067,Ganesh Ramaswamy,8927628503,Enquiry,ENQUIRY
LEAD-0068,Ananya Bhat,7313554459,Site Visit,SITE_VISIT
LEAD-0069,Ishita Jain,7814949682,Channel Partner,CHANNEL_PARTNER
LEAD-0070,Aarav Kapoor,6009176565,Enquiry,ENQUIRY
LEAD-0071,Sai Jain,8411335268,Enquiry,ENQUIRY
LEAD-0072,Rahul Ramaswamy,6057439230,Site Visit,SITE_VISIT
LEAD-0073,Aditya Tripathi,7765755391,Enquiry,ENQUIRY
LEAD-0074,Karthik Kapoor,6083762817,Enquiry,ENQUIRY
LEAD-0075,Azhagu Pandey,6535027729,Buyer,BUYER
LEAD-0076,Ayaan Mukherjee,7843230883,Enquiry,ENQUIRY
LEAD-0077,Anika Kumar,9787038795,Site Visit,SITE_VISIT
LEAD-0078,Priya Verma,6732105450,Site Visit,SITE_VISIT
LEAD-0079,Aarav Aggarwal,6433945965,Buyer,BUYER
LEAD-0080,Vikram Sundaram,8399609007,Channel Partner,CHANNEL_PARTNER
LEAD-0081,Rohan Reddy,7185252864,Buyer,BUYER
LEAD-0082,Nisha Tripathi,6654578486,Enquiry,ENQUIRY
LEAD-0083,Arjun Yadav,9739746410,Channel Partner,CHANNEL_PARTNER
LEAD-0084,Anika Kapoor,8991237357,Enquiry,ENQUIRY
LEAD-0085,Shreya Patel,8566474661,Channel Partner,CHANNEL_PARTNER
LEAD-0086,Janani Kumar,9983702514,Channel Partner,CHANNEL_PARTNER
LEAD-0087,Hari Reddy,9280197309,Channel Partner,CHANNEL_PARTNER
LEAD-0088,Ayaan Gupta,9234343039,Channel Partner,CHANNEL_PARTNER
LEAD-0089,Ramesh Subramanian,7490395764,Site Visit,SITE_VISIT
LEAD-0090,Harish Naidu,8015451112,Buyer,BUYER
LEAD-0091,Suresh Bose,7175750309,Buyer,BUYER
LEAD-0092,Vasudevan Malhotra,9022775753,Enquiry,ENQUIRY
LEAD-0093,Vivaan Rao,8726719752,Buyer,BUYER
LEAD-0094,Dinesh Jain,8242560489,Enquiry,ENQUIRY
LEAD-0095,Reyansh Iyer,7588080098,Site Visit,SITE_VISIT
LEAD-0096,Ayaan Subramanian,6966675046,Buyer,BUYER
LEAD-0097,Saanvi Roy,7352337786,Enquiry,ENQUIRY
LEAD-0098,Ganesh Joshi,6768150114,Site Visit,SITE_VISIT
LEAD-0099,Arjun Chauhan,7155616383,Enquiry,ENQUIRY
LEAD-0100,Ishaan Verma,8844616875,Enquiry,ENQUIRY
LEAD-0101,Dinesh Joshi,9720285613,Enquiry,ENQUIRY
LEAD-0102,Rohan Joshi,7392010271,Site Visit,SITE_VISIT
LEAD-0103,Kavya Tripathi,8858006567,Buyer,BUYER
LEAD-0104,Ananya Joshi,8958225941,Buyer,BUYER
LEAD-0105,Kavya Mehta,8443425458,Buyer,BUYER
LEAD-0106,Reyansh Pandey,7503099090,Channel Partner,CHANNEL_PARTNER
LEAD-0107,Naveen Subramanian,9720866662,Enquiry,ENQUIRY
LEAD-0108,Myra Bhat,7396103491,Buyer,BUYER
LEAD-0109,Navaneethan Mehta,8294401555,Site Visit,SITE_VISIT
LEAD-0110,Tanvi Nair,6657203516,Buyer,BUYER
LEAD-0111,Ira Ramaswamy,8989885695,Site Visit,SITE_VISIT
LEAD-0112,Anand Pillai,7409261619,Buyer,BUYER
LEAD-0113,Dinesh Sundaram,7207372122,Site Visit,SITE_VISIT
LEAD-0114,Naveen Kapoor,8084749779,Channel Partner,CHANNEL_PARTNER
LEAD-0115,Ganesh Chatterjee,6556350612,Channel Partner,CHANNEL_PARTNER
LEAD-0116,Rahul Jain,7001002470,Enquiry,ENQUIRY
LEAD-0117,Ira Aggarwal,8249885205,Enquiry,ENQUIRY
LEAD-0118,Ishita Pillai,6353616997,Channel Partner,CHANNEL_PARTNER
LEAD-0119,Neha Kulkarni,6595421859,Enquiry,ENQUIRY
LEAD-0120,Sai Rao,7644717618,Buyer,BUYER
LEAD-0121,Karthik Sundaram,7005620428,Channel Partner,CHANNEL_PARTNER
LEAD-0122,Neha Kulkarni,9240364141,Channel Partner,CHANNEL_PARTNER
LEAD-0123,Ganesh Patel,8095724861,Channel Partner,CHANNEL_PARTNER
LEAD-0124,Sneha Kulkarni,9365163715,Channel Partner,CHANNEL_PARTNER
LEAD-0125,Dinesh Malhotra,7299414772,Enquiry,ENQUIRY
LEAD-0126,Rahul Naidu,6132692083,Buyer,BUYER
LEAD-0127,Sai Kulkarni,7373772733,Site Visit,SITE_VISIT
LEAD-0128,Pooja Mehta,7511480880,Site Visit,SITE_VISIT
LEAD-0129,Janani Das,8180946960,Channel Partner,CHANNEL_PARTNER
LEAD-0130,Priya Sharma,8986758587,Channel Partner,CHANNEL_PARTNER
LEAD-0131,Ayaan Kulkarni,8463427382,Enquiry,ENQUIRY
LEAD-0132,Tanvi Narayanan,8184276820,Site Visit,SITE_VISIT
LEAD-0133,Ishita Menon,9178227325,Channel Partner,CHANNEL_PARTNER
LEAD-0134,Aditya Chauhan,6471044106,Buyer,BUYER
LEAD-0135,Gopal Singh,9274499571,Buyer,BUYER
LEAD-0136,Krishna Subramanian,9964171749,Site Visit,SITE_VISIT
LEAD-0137,Akash Rao,8999570263,Channel Partner,CHANNEL_PARTNER
LEAD-0138,Siddharth Narayanan,9367970020,Channel Partner,CHANNEL_PARTNER
LEAD-0139,Vasudevan Chatterjee,7863296457,Buyer,BUYER
LEAD-0140,Rahul Shetty,7728558277,Buyer,BUYER
LEAD-0141,Riya Gupta,9190187346,Buyer,BUYER
LEAD-0142,Ishita Rao,8598768757,Site Visit,SITE_VISIT
LEAD-0143,Rohan Yadav,7058366934,Site Visit,SITE_VISIT
LEAD-0144,Kavya Sundaram,9410511370,Channel Partner,CHANNEL_PARTNER
LEAD-0145,Riya Kumar,6299571813,Buyer,BUYER
LEAD-0146,Ishaan Sharma,7473875085,Enquiry,ENQUIRY
LEAD-0147,Ramesh Aggarwal,6896174750,Site Visit,SITE_VISIT
LEAD-0148,Naveen Yadav,7782122418,Channel Partner,CHANNEL_PARTNER
LEAD-0149,Pooja Arora,9476904382,Enquiry,ENQUIRY
LEAD-0150,Sneha Menon,6295134620,Channel Partner,CHANNEL_PARTNER
LEAD-0151,Meera Krishnan,7733168887,Enquiry,ENQUIRY
LEAD-0152,Vihaan Ramaswamy,7321230713,Site Visit,SITE_VISIT
LEAD-0153,Kavya Naidu,6112772143,Site Visit,SITE_VISIT
LEAD-0154,Naveen Kumar,7341972986,Channel Partner,CHANNEL_PARTNER
LEAD-0155,Aditya Roy,8689436097,Site Visit,SITE_VISIT
LEAD-0156,Lakshmi Kapoor,8509693779,Enquiry,ENQUIRY
LEAD-0157,Reyansh Rao,7872891034,Enquiry,ENQUIRY
LEAD-0158,Ananya Pillai,6020502980,Enquiry,ENQUIRY
LEAD-0159,Nisha Krishnan,6418475289,Site Visit,SITE_VISIT
LEAD-0160,Ira Singh,6067712977,Enquiry,ENQUIRY
LEAD-0161,Anika Pandey,9036356421,Buyer,BUYER
LEAD-0162,Ira Kapoor,7074766470,Channel Partner,CHANNEL_PARTNER
LEAD-0163,Reyansh Roy,9455907545,Channel Partner,CHANNEL_PARTNER
LEAD-0164,Vivaan Pandey,9336836298,Buyer,BUYER
LEAD-0165,Anand Balaji,8725607708,Channel Partner,CHANNEL_PARTNER
LEAD-0166,Aarav Krishnan,7811563469,Buyer,BUYER
LEAD-0167,Karthik Roy,8015609946,Enquiry,ENQUIRY
LEAD-0168,Ganesh Chauhan,9346708639,Site Visit,SITE_VISIT
LEAD-0169,Lakshmi Patel,7301491913,Site Visit,SITE_VISIT
LEAD-0170,Kavya Pillai,8907288426,Buyer,BUYER
LEAD-0171,Neha Chauhan,9506592288,Site Visit,SITE_VISIT
LEAD-0172,Anika Nair,7080641008,Channel Partner,CHANNEL_PARTNER
LEAD-0173,Nisha Pillai,7195028486,Enquiry,ENQUIRY
LEAD-0174,Sai Bose,6866192115,Buyer,BUYER
LEAD-0175,Naveen Singh,6709173074,Enquiry,ENQUIRY
LEAD-0176,Nisha Aggarwal,7196190933,Buyer,BUYER
LEAD-0177,Vasudevan Naidu,8459437746,Buyer,BUYER
LEAD-0178,Akash Menon,7368846023,Enquiry,ENQUIRY
LEAD-0179,Diya Narayanan,6554076806,Buyer,BUYER
LEAD-0180,Janani Sharma,7349640981,Channel Partner,CHANNEL_PARTNER
LEAD-0181,Krishna Arora,9458372328,Site Visit,SITE_VISIT
LEAD-0182,Ira Das,9670412606,Enquiry,ENQUIRY
LEAD-0183,Divya Mehta,9592686870,Site Visit,SITE_VISIT
LEAD-0184,Aadhya Krishnan,6627041072,Enquiry,ENQUIRY
LEAD-0185,Krishna Das,6446248641,Buyer,BUYER
LEAD-0186,Lakshmi Roy,7824972856,Buyer,BUYER
LEAD-0187,Akash Iyer,9127986777,Site Visit,SITE_VISIT
LEAD-0188,Suresh Tripathi,9797626609,Channel Partner,CHANNEL_PARTNER
LEAD-0189,Vasudevan Kumar,9578203283,Buyer,BUYER
LEAD-0190,Rohan Malhotra,7004278562,Site Visit,SITE_VISIT
LEAD-0191,Janani Arora,8866453601,Channel Partner,CHANNEL_PARTNER
LEAD-0192,Janani Rao,6978972821,Site Visit,SITE_VISIT
LEAD-0193,Lakshmi Kumar,6513518801,Enquiry,ENQUIRY
LEAD-0194,Ira Chatterjee,9339721639,Site Visit,SITE_VISIT
LEAD-0195,Shreya Saxena,8322624835,Enquiry,ENQUIRY
LEAD-0196,Anand Sundaram,9101208334,Enquiry,ENQUIRY
LEAD-0197,Reyansh Bose,9059667956,Buyer,BUYER
LEAD-0198,Tanvi Chatterjee,6956048123,Site Visit,SITE_VISIT
LEAD-0199,Neha Naidu,7319295201,Channel Partner,CHANNEL_PARTNER
LEAD-0200,Navaneethan Chauhan,8850939577,Buyer,BUYER
LEAD-0201,Aadhya Aggarwal,9828634581,Enquiry,ENQUIRY
LEAD-0202,Navaneethan Pillai,8911462457,Enquiry,ENQUIRY
LEAD-0203,Gopal Saxena,6997894878,Channel Partner,CHANNEL_PARTNER
LEAD-0204,Sneha Sundaram,9212770756,Site Visit,SITE_VISIT
LEAD-0205,Dinesh Kulkarni,9247215278,Channel Partner,CHANNEL_PARTNER
LEAD-0206,Vivaan Chatterjee,6843330740,Enquiry,ENQUIRY
LEAD-0207,Pooja Roy,8672624980,Site Visit,SITE_VISIT
LEAD-0208,Vihaan Narayanan,9333626590,Enquiry,ENQUIRY
LEAD-0209,Anika Naidu,7203639711,Site Visit,SITE_VISIT
LEAD-0210,Siddharth Yadav,7298468446,Site Visit,SITE_VISIT
LEAD-0211,Siddharth Malhotra,7618166384,Buyer,BUYER
LEAD-0212,Nisha Krishnan,9041888172,Channel Partner,CHANNEL_PARTNER
LEAD-0213,Rahul Gupta,7452646842,Enquiry,ENQUIRY
LEAD-0214,Neha Kulkarni,6781312842,Channel Partner,CHANNEL_PARTNER
LEAD-0215,Ganesh Singh,7794450106,Channel Partner,CHANNEL_PARTNER
LEAD-0216,Sneha Pillai,8028744564,Enquiry,ENQUIRY
LEAD-0217,Krishna Pandey,7053666440,Buyer,BUYER
LEAD-0218,Riya Verma,6528009419,Site Visit,SITE_VISIT
LEAD-0219,Sai Shetty,6818597003,Enquiry,ENQUIRY
LEAD-0220,Sneha Narayanan,9323748121,Buyer,BUYER
LEAD-0221,Azhagu Reddy,8965687203,Channel Partner,CHANNEL_PARTNER
LEAD-0222,Karthik Balaji,8367606524,Channel Partner,CHANNEL_PARTNER
LEAD-0223,Ananya Balaji,7178619734,Site Visit,SITE_VISIT
LEAD-0224,Vasudevan Bose,8856438883,Enquiry,ENQUIRY
LEAD-0225,Ananya Joshi,8195562897,Enquiry,ENQUIRY
LEAD-0226,Rohan Roy,6988004213,Channel Partner,CHANNEL_PARTNER
LEAD-0227,Aarav Gupta,8295498411,Buyer,BUYER
LEAD-0228,Tanvi Venkatesh,6096984637,Buyer,BUYER
LEAD-0229,Pooja Saxena,7620251464,Site Visit,SITE_VISIT
LEAD-0230,Aditya Singh,9925586537,Enquiry,ENQUIRY
LEAD-0231,Meera Verma,9062565801,Channel Partner,CHANNEL_PARTNER
LEAD-0232,Janani Jain,9686939344,Buyer,BUYER
LEAD-0233,Nisha Pillai,8834952496,Site Visit,SITE_VISIT
LEAD-0234,Azhagu Saxena,9076296959,Channel Partner,CHANNEL_PARTNER
LEAD-0235,Ishita Kapoor,7949585817,Buyer,BUYER
LEAD-0236,Arjun Iyer,6501801412,Site Visit,SITE_VISIT
LEAD-0237,Vivaan Sharma,8503969410,Channel Partner,CHANNEL_PARTNER
LEAD-0238,Reyansh Arora,8309521719,Site Visit,SITE_VISIT
LEAD-0239,Diya Pandey,9870657802,Enquiry,ENQUIRY
LEAD-0240,Naveen Chauhan,6819337955,Buyer,BUYER
LEAD-0241,Meera Kapoor,9053549310,Site Visit,SITE_VISIT
LEAD-0242,Diya Menon,9620550955,Enquiry,ENQUIRY
LEAD-0243,Azhagu Ramaswamy,9503937191,Site Visit,SITE_VISIT
LEAD-0244,Pranav Chatterjee,8648949023,Site Visit,SITE_VISIT
LEAD-0245,Sai Bose,7479285447,Site Visit,SITE_VISIT
LEAD-0246,Suresh Kapoor,6863557208,Site Visit,SITE_VISIT
LEAD-0247,Kavya Balaji,7211764545,Channel Partner,CHANNEL_PARTNER
LEAD-0248,Pranav Verma,7129708421,Site Visit,SITE_VISIT
LEAD-0249,Riya Saxena,7862445583,Enquiry,ENQUIRY
LEAD-0250,Tanvi Balaji,8927089058,Buyer,BUYER
LEAD-0251,Neha Bose,6154902533,Buyer,BUYER
LEAD-0252,Siddharth Bose,7894547345,Site Visit,SITE_VISIT
LEAD-0253,Karthik Sundaram,7260051841,Buyer,BUYER
LEAD-0254,Azhagu Mukherjee,8227697631,Enquiry,ENQUIRY
LEAD-0255,Ishaan Nair,9297495674,Buyer,BUYER
LEAD-0256,Suresh Singh,8044864264,Channel Partner,CHANNEL_PARTNER
LEAD-0257,Shreya Arora,8377483982,Channel Partner,CHANNEL_PARTNER
LEAD-0258,Sai Mehta,6794503275,Site Visit,SITE_VISIT
LEAD-0259,Hari Sundaram,6244513243,Channel Partner,CHANNEL_PARTNER
LEAD-0260,Vihaan Krishnan,7273023469,Enquiry,ENQUIRY
LEAD-0261,Rohan Mukherjee,9392256430,Enquiry,ENQUIRY
LEAD-0262,Ishaan Gupta,7642151581,Enquiry,ENQUIRY
LEAD-0263,Gopal Ramaswamy,9711754053,Site Visit,SITE_VISIT
LEAD-0264,Aarav Kapoor,7462011894,Channel Partner,CHANNEL_PARTNER
LEAD-0265,Tanvi Narayanan,6193408146,Site Visit,SITE_VISIT
LEAD-0266,Anand Krishnan,9559747675,Enquiry,ENQUIRY
LEAD-0267,Azhagu Jain,9951414290,Enquiry,ENQUIRY
LEAD-0268,Priya Sundaram,6137321120,Buyer,BUYER
LEAD-0269,Reyansh Chauhan,6683226180,Buyer,BUYER
LEAD-0270,Pranav Patel,9975780964,Buyer,BUYER
LEAD-0271,Ananya Venkatesh,8826541466,Buyer,BUYER
LEAD-0272,Ananya Das,7478301914,Site Visit,SITE_VISIT
LEAD-0273,Ayaan Gupta,9912604378,Site Visit,SITE_VISIT
LEAD-0274,Shreya Singh,9424956873,Site Visit,SITE_VISIT
LEAD-0275,Krishna Narayanan,9495056105,Site Visit,SITE_VISIT
LEAD-0276,Siddharth Sharma,7915346110,Enquiry,ENQUIRY
LEAD-0277,Ayaan Chauhan,9671371194,Enquiry,ENQUIRY
LEAD-0278,Riya Kapoor,8221799552,Enquiry,ENQUIRY
LEAD-0279,Hari Joshi,6406846907,Channel Partner,CHANNEL_PARTNER
LEAD-0280,Ishaan Chatterjee,8840130027,Channel Partner,CHANNEL_PARTNER
LEAD-0281,Hari Joshi,8133735134,Enquiry,ENQUIRY
LEAD-0282,Divya Aggarwal,9175127445,Channel Partner,CHANNEL_PARTNER
LEAD-0283,Rahul Patel,9954648400,Channel Partner,CHANNEL_PARTNER
LEAD-0284,Lakshmi Sundaram,9006905517,Buyer,BUYER
LEAD-0285,Naveen Kulkarni,6664247883,Channel Partner,CHANNEL_PARTNER
LEAD-0286,Ishaan Sundaram,9720747934,Buyer,BUYER
LEAD-0287,Aarav Mukherjee,7209986285,Channel Partner,CHANNEL_PARTNER
LEAD-0288,Diya Menon,9226980712,Site Visit,SITE_VISIT
LEAD-0289,Rahul Menon,8115064540,Buyer,BUYER
LEAD-0290,Hari Aggarwal,9869264412,Channel Partner,CHANNEL_PARTNER
LEAD-0291,Arjun Rao,7709984342,Channel Partner,CHANNEL_PARTNER
LEAD-0292,Vikram Sharma,8878533614,Channel Partner,CHANNEL_PARTNER
LEAD-0293,Nisha Chatterjee,7998026903,Site Visit,SITE_VISIT
LEAD-0294,Harish Mukherjee,7879474324,Enquiry,ENQUIRY
LEAD-0295,Hari Saxena,8194504814,Enquiry,ENQUIRY
LEAD-0296,Suresh Balaji,8873984325,Channel Partner,CHANNEL_PARTNER
LEAD-0297,Arjun Arora,7182155274,Channel Partner,CHANNEL_PARTNER
LEAD-0298,Reyansh Roy,7967181685,Enquiry,ENQUIRY
LEAD-0299,Aadhya Malhotra,6829195977,Buyer,BUYER
LEAD-0300,Krishna Venkatesh,8210968278,Site Visit,SITE_VISIT
LEAD-0301,Rahul Ramaswamy,9077836894,Enquiry,ENQUIRY
LEAD-0302,Ishita Tripathi,9724627367,Site Visit,SITE_VISIT
LEAD-0303,Myra Singh,8352547168,Buyer,BUYER
LEAD-0304,Ira Roy,8553608464,Buyer,BUYER
LEAD-0305,Hari Mehta,9324047729,Channel Partner,CHANNEL_PARTNER
LEAD-0306,Ananya Sundaram,8610725346,Buyer,BUYER
LEAD-0307,Naveen Iyer,9106346502,Buyer,BUYER
LEAD-0308,Krishna Subramanian,7830780084,Site Visit,SITE_VISIT
LEAD-0309,Akash Sundaram,9623544006,Enquiry,ENQUIRY
LEAD-0310,Meera Subramanian,7752772693,Buyer,BUYER
LEAD-0311,Saanvi Narayanan,8307919366,Site Visit,SITE_VISIT
LEAD-0312,Pranav Bhat,6148721296,Site Visit,SITE_VISIT
LEAD-0313,Vikram Mukherjee,7138500903,Enquiry,ENQUIRY
LEAD-0314,Lakshmi Nair,9517549456,Channel Partner,CHANNEL_PARTNER
LEAD-0315,Ananya Kapoor,9796048364,Channel Partner,CHANNEL_PARTNER
LEAD-0316,Akash Narayanan,6673021503,Site Visit,SITE_VISIT
LEAD-0317,Shreya Malhotra,8491810458,Buyer,BUYER
LEAD-0318,Suresh Chauhan,7767032616,Enquiry,ENQUIRY
LEAD-0319,Aadhya Verma,7502141043,Enquiry,ENQUIRY
LEAD-0320,Priya Rao,6509845936,Site Visit,SITE_VISIT
LEAD-0321,Myra Tripathi,6415586638,Channel Partner,CHANNEL_PARTNER
LEAD-0322,Pranav Joshi,6937588251,Channel Partner,CHANNEL_PARTNER
LEAD-0323,Ishita Sharma,7015972468,Channel Partner,CHANNEL_PARTNER
LEAD-0324,Neha Joshi,7640047310,Channel Partner,CHANNEL_PARTNER
LEAD-0325,Aarav Arora,7361972385,Enquiry,ENQUIRY
LEAD-0326,Rahul Menon,8272039281,Enquiry,ENQUIRY
LEAD-0327,Anika Subramanian,8066049648,Buyer,BUYER
LEAD-0328,Dinesh Kapoor,9981933592,Buyer,BUYER
LEAD-0329,Azhagu Kapoor,9172918076,Site Visit,SITE_VISIT
LEAD-0330,Siddharth Gupta,8103321145,Enquiry,ENQUIRY
LEAD-0331,Nisha Reddy,6553621743,Buyer,BUYER
LEAD-0332,Vasudevan Sundaram,7843514866,Site Visit,SITE_VISIT
LEAD-0333,Shreya Kumar,8135519167,Site Visit,SITE_VISIT
LEAD-0334,Ishita Balaji,6481089183,Buyer,BUYER
LEAD-0335,Aditya Joshi,9665244274,Buyer,BUYER
LEAD-0336,Hari Mehta,8622257621,Channel Partner,CHANNEL_PARTNER
LEAD-0337,Krishna Nair,6722023713,Site Visit,SITE_VISIT
LEAD-0338,Ayaan Reddy,6472848963,Site Visit,SITE_VISIT
LEAD-0339,Janani Reddy,7710758863,Enquiry,ENQUIRY
LEAD-0340,Reyansh Balaji,7271882843,Enquiry,ENQUIRY
LEAD-0341,Diya Tripathi,6411654819,Buyer,BUYER
LEAD-0342,Rahul Naidu,8436698180,Channel Partner,CHANNEL_PARTNER
LEAD-0343,Harish Joshi,7210994600,Buyer,BUYER
LEAD-0344,Navaneethan Saxena,8001187351,Site Visit,SITE_VISIT
LEAD-0345,Navaneethan Reddy,9801277826,Buyer,BUYER
LEAD-0346,Diya Subramanian,6902573549,Channel Partner,CHANNEL_PARTNER
LEAD-0347,Riya Kapoor,7664933165,Buyer,BUYER
LEAD-0348,Aadhya Yadav,7070003524,Buyer,BUYER
LEAD-0349,Nisha Pandey,7627781618,Channel Partner,CHANNEL_PARTNER
LEAD-0350,Gopal Subramanian,9247739946,Site Visit,SITE_VISIT
LEAD-0351,Aadhya Sharma,7404186534,Enquiry,ENQUIRY
LEAD-0352,Nisha Narayanan,7869464903,Enquiry,ENQUIRY
LEAD-0353,Ayaan Shetty,6678625920,Site Visit,SITE_VISIT
LEAD-0354,Ganesh Nair,7484837332,Site Visit,SITE_VISIT
LEAD-0355,Sai Pillai,8549008670,Buyer,BUYER
LEAD-0356,Aadhya Nair,6456372060,Channel Partner,CHANNEL_PARTNER
LEAD-0357,Naveen Arora,9269520457,Buyer,BUYER
LEAD-0358,Sneha Singh,8149238767,Buyer,BUYER
LEAD-0359,Myra Joshi,6934408962,Site Visit,SITE_VISIT
LEAD-0360,Sai Jain,9780842521,Enquiry,ENQUIRY
LEAD-0361,Ramesh Das,9113728950,Channel Partner,CHANNEL_PARTNER
LEAD-0362,Meera Reddy,7460515853,Site Visit,SITE_VISIT
LEAD-0363,Vasudevan Chatterjee,7552533608,Channel Partner,CHANNEL_PARTNER
LEAD-0364,Nisha Patel,9606936897,Enquiry,ENQUIRY
LEAD-0365,Rohan Bose,8516068472,Channel Partner,CHANNEL_PARTNER
LEAD-0366,Nisha Das,7468315683,Channel Partner,CHANNEL_PARTNER
LEAD-0367,Kavya Malhotra,8123017242,Site Visit,SITE_VISIT
LEAD-0368,Anika Nair,8082553333,Site Visit,SITE_VISIT
LEAD-0369,Vikram Arora,6869672539,Enquiry,ENQUIRY
LEAD-0370,Vikram Venkatesh,6526218375,Site Visit,SITE_VISIT
LEAD-0371,Janani Singh,8984998971,Buyer,BUYER
LEAD-0372,Harish Bhat,7091720182,Channel Partner,CHANNEL_PARTNER
LEAD-0373,Anand Ramaswamy,7349738713,Channel Partner,CHANNEL_PARTNER
LEAD-0374,Gopal Chauhan,7411571078,Enquiry,ENQUIRY
LEAD-0375,Azhagu Chatterjee,7573532540,Channel Partner,CHANNEL_PARTNER
LEAD-0376,Rahul Subramanian,9083279808,Enquiry,ENQUIRY
LEAD-0377,Sai Subramanian,8955504128,Channel Partner,CHANNEL_PARTNER
LEAD-0378,Anika Roy,6218353724,Site Visit,SITE_VISIT
LEAD-0379,Anika Gupta,9659352082,Buyer,BUYER
LEAD-0380,Lakshmi Kumar,9977571905,Site Visit,SITE_VISIT
LEAD-0381,Krishna Aggarwal,7745700900,Enquiry,ENQUIRY
LEAD-0382,Karthik Ramaswamy,9533974643,Site Visit,SITE_VISIT
LEAD-0383,Navaneethan Arora,9741544955,Buyer,BUYER
LEAD-0384,Naveen Menon,6645710864,Enquiry,ENQUIRY
LEAD-0385,Aarav Singh,6531163438,Site Visit,SITE_VISIT
LEAD-0386,Divya Shetty,9593358163,Enquiry,ENQUIRY
LEAD-0387,Azhagu Menon,9573856076,Channel Partner,CHANNEL_PARTNER
LEAD-0388,Vikram Mukherjee,7110574999,Channel Partner,CHANNEL_PARTNER
LEAD-0389,Priya Balaji,7827225548,Channel Partner,CHANNEL_PARTNER
LEAD-0390,Tanvi Verma,8055953469,Site Visit,SITE_VISIT
LEAD-0391,Hari Aggarwal,7167781530,Site Visit,SITE_VISIT
LEAD-0392,Riya Saxena,9287357760,Site Visit,SITE_VISIT
LEAD-0393,Saanvi Malhotra,7563134564,Enquiry,ENQUIRY
LEAD-0394,Dinesh Shetty,7303690260,Site Visit,SITE_VISIT
LEAD-0395,Ramesh Saxena,9703720755,Enquiry,ENQUIRY
LEAD-0396,Aditya Bose,7371287442,Buyer,BUYER
LEAD-0397,Rohan Chauhan,9577981578,Enquiry,ENQUIRY
LEAD-0398,Ganesh Saxena,9902074360,Buyer,BUYER
LEAD-0399,Ananya Subramanian,8856790002,Channel Partner,CHANNEL_PARTNER
LEAD-0400,Meera Pandey,6171596179,Channel Partner,CHANNEL_PARTNER
LEAD-0401,Ganesh Patel,9366563155,Channel Partner,CHANNEL_PARTNER
LEAD-0402,Navaneethan Shetty,8251361799,Buyer,BUYER
LEAD-0403,Sai Mukherjee,9896469366,Channel Partner,CHANNEL_PARTNER
LEAD-0404,Vikram Aggarwal,6053413395,Site Visit,SITE_VISIT
LEAD-0405,Ananya Aggarwal,8012871630,Buyer,BUYER
LEAD-0406,Navaneethan Mehta,7579918199,Channel Partner,CHANNEL_PARTNER
LEAD-0407,Aadhya Mukherjee,6667280821,Enquiry,ENQUIRY
LEAD-0408,Sai Kumar,8961007449,Channel Partner,CHANNEL_PARTNER
LEAD-0409,Myra Chauhan,7485475786,Buyer,BUYER
LEAD-0410,Riya Jain,9264378224,Channel Partner,CHANNEL_PARTNER
LEAD-0411,Ramesh Narayanan,9204605765,Enquiry,ENQUIRY
LEAD-0412,Aarav Sundaram,8612529222,Channel Partner,CHANNEL_PARTNER
LEAD-0413,Vikram Menon,7576626521,Site Visit,SITE_VISIT
LEAD-0414,Suresh Saxena,9117387208,Channel Partner,CHANNEL_PARTNER
LEAD-0415,Divya Bhat,7337956181,Site Visit,SITE_VISIT
LEAD-0416,Vasudevan Jain,7636456738,Buyer,BUYER
LEAD-0417,Pranav Patel,8853231894,Enquiry,ENQUIRY
LEAD-0418,Tanvi Patel,7688081647,Site Visit,SITE_VISIT
LEAD-0419,Sneha Naidu,9281370661,Enquiry,ENQUIRY
LEAD-0420,Ramesh Chauhan,7710221804,Site Visit,SITE_VISIT
LEAD-0421,Anand Iyer,8187595971,Enquiry,ENQUIRY
LEAD-0422,Shreya Arora,6901562182,Buyer,BUYER
LEAD-0423,Ira Pandey,8302819855,Channel Partner,CHANNEL_PARTNER
LEAD-0424,Sneha Jain,6316553290,Enquiry,ENQUIRY
LEAD-0425,Karthik Shetty,7593385747,Buyer,BUYER
LEAD-0426,Hari Pandey,8828487319,Site Visit,SITE_VISIT
LEAD-0427,Arjun Bose,8225078951,Channel Partner,CHANNEL_PARTNER
LEAD-0428,Shreya Das,9179899675,Buyer,BUYER
LEAD-0429,Myra Mukherjee,9004426377,Site Visit,SITE_VISIT
LEAD-0430,Sai Shetty,8891377623,Site Visit,SITE_VISIT
LEAD-0431,Azhagu Kumar,9611446471,Site Visit,SITE_VISIT
LEAD-0432,Ishaan Chatterjee,7300975626,Enquiry,ENQUIRY
LEAD-0433,Pranav Sundaram,6714645009,Buyer,BUYER
LEAD-0434,Anika Kulkarni,7456304489,Channel Partner,CHANNEL_PARTNER
LEAD-0435,Ananya Saxena,7082843521,Buyer,BUYER
LEAD-0436,Priya Nair,7054682045,Enquiry,ENQUIRY
LEAD-0437,Ramesh Menon,9531933776,Site Visit,SITE_VISIT
LEAD-0438,Aarav Singh,9880521860,Enquiry,ENQUIRY
LEAD-0439,Krishna Ramaswamy,8111096665,Site Visit,SITE_VISIT
LEAD-0440,Ramesh Aggarwal,8153056538,Buyer,BUYER
LEAD-0441,Shreya Saxena,7372289609,Site Visit,SITE_VISIT
LEAD-0442,Sneha Reddy,7751360825,Enquiry,ENQUIRY
LEAD-0443,Akash Malhotra,9368539538,Buyer,BUYER
LEAD-0444,Dinesh Yadav,9768739556,Enquiry,ENQUIRY
LEAD-0445,Sneha Sundaram,8190947434,Enquiry,ENQUIRY
LEAD-0446,Anand Joshi,9203451765,Buyer,BUYER
LEAD-0447,Aadhya Chauhan,8460106611,Site Visit,SITE_VISIT
LEAD-0448,Ramesh Nair,7363951242,Channel Partner,CHANNEL_PARTNER
LEAD-0449,Aarav Shetty,7144836168,Enquiry,ENQUIRY
LEAD-0450,Diya Subramanian,9726423859,Site Visit,SITE_VISIT
LEAD-0451,Akash Reddy,6981484016,Site Visit,SITE_VISIT
LEAD-0452,Kavya Gupta,6917418753,Buyer,BUYER
LEAD-0453,Shreya Aggarwal,6351101887,Enquiry,ENQUIRY
LEAD-0454,Vihaan Pandey,9162838811,Enquiry,ENQUIRY
LEAD-0455,Anika Chauhan,6895148817,Enquiry,ENQUIRY
LEAD-0456,Ramesh Chatterjee,9850611322,Buyer,BUYER
LEAD-0457,Anand Kapoor,6692430751,Channel Partner,CHANNEL_PARTNER
LEAD-0458,Kavya Rao,7787183452,Site Visit,SITE_VISIT
LEAD-0459,Vivaan Yadav,9002811255,Enquiry,ENQUIRY
LEAD-0460,Meera Gupta,7630839299,Buyer,BUYER
LEAD-0461,Vikram Gupta,7137810998,Site Visit,SITE_VISIT
LEAD-0462,Saanvi Kumar,6352983840,Buyer,BUYER
LEAD-0463,Anand Menon,7035400086,Channel Partner,CHANNEL_PARTNER
LEAD-0464,Riya Mehta,8943438989,Site Visit,SITE_VISIT
LEAD-0465,Akash Kapoor,9345873192,Enquiry,ENQUIRY
LEAD-0466,Priya Tripathi,8013934715,Channel Partner,CHANNEL_PARTNER
LEAD-0467,Riya Venkatesh,8030660677,Site Visit,SITE_VISIT
LEAD-0468,Aditya Iyer,8697739551,Enquiry,ENQUIRY
LEAD-0469,Karthik Gupta,6491103614,Channel Partner,CHANNEL_PARTNER
LEAD-0470,Dinesh Menon,8546658912,Site Visit,SITE_VISIT
LEAD-0471,Pooja Nair,7704718153,Enquiry,ENQUIRY
LEAD-0472,Janani Mukherjee,8208883641,Site Visit,SITE_VISIT
LEAD-0473,Siddharth Verma,8955198434,Channel Partner,CHANNEL_PARTNER
LEAD-0474,Ishita Malhotra,9973526183,Buyer,BUYER
LEAD-0475,Akash Pillai,7492092633,Channel Partner,CHANNEL_PARTNER
LEAD-0476,Ganesh Malhotra,8515165051,Enquiry,ENQUIRY
LEAD-0477,Hari Subramanian,6025255923,Channel Partner,CHANNEL_PARTNER
LEAD-0478,Gopal Reddy,9753074007,Enquiry,ENQUIRY
LEAD-0479,Ganesh Sundaram,6317344966,Channel Partner,CHANNEL_PARTNER
LEAD-0480,Tanvi Chauhan,9222657398,Enquiry,ENQUIRY
LEAD-0481,Ishita Kumar,7511037479,Enquiry,ENQUIRY
LEAD-0482,Pooja Gupta,8236279481,Site Visit,SITE_VISIT
LEAD-0483,Aadhya Chatterjee,7260415674,Enquiry,ENQUIRY
LEAD-0484,Aarav Kulkarni,8404341761,Channel Partner,CHANNEL_PARTNER
LEAD-0485,Vivaan Kulkarni,9378301937,Channel Partner,CHANNEL_PARTNER
LEAD-0486,Nisha Kapoor,7799713394,Site Visit,SITE_VISIT
LEAD-0487,Dinesh Naidu,9821007971,Buyer,BUYER
LEAD-0488,Ira Bose,8129269082,Buyer,BUYER
LEAD-0489,Vasudevan Naidu,7224651431,Channel Partner,CHANNEL_PARTNER
LEAD-0490,Arjun Tripathi,9346597513,Enquiry,ENQUIRY
LEAD-0491,Riya Pandey,7337740592,Site Visit,SITE_VISIT
LEAD-0492,Harish Kulkarni,9387388416,Enquiry,ENQUIRY
LEAD-0493,Anand Bhat,8569663952,Site Visit,SITE_VISIT
LEAD-0494,Suresh Sharma,6931833239,Enquiry,ENQUIRY
LEAD-0495,Rahul Naidu,9734060367,Enquiry,ENQUIRY
LEAD-0496,Neha Mehta,7841579769,Site Visit,SITE_VISIT
LEAD-0497,Ishita Krishnan,6682216221,Channel Partner,CHANNEL_PARTNER
LEAD-0498,Anand Singh,7295618485,Site Visit,SITE_VISIT
LEAD-0499,Anika Saxena,8429998409,Buyer,BUYER
LEAD-0500,Navaneethan Ramaswamy,6923885778,Buyer,BUYER
LEAD-0501,Janani Krishnan,9768878448,Enquiry,ENQUIRY
LEAD-0502,Sai Roy,7130899315,Enquiry,ENQUIRY
LEAD-0503,Meera Chatterjee,9977376303,Enquiry,ENQUIRY
LEAD-0504,Neha Aggarwal,7910369370,Buyer,BUYER
LEAD-0505,Ishaan Tripathi,7351396359,Channel Partner,CHANNEL_PARTNER
LEAD-0506,Hari Rao,9163593949,Site Visit,SITE_VISIT
LEAD-0507,Rohan Verma,7231433408,Enquiry,ENQUIRY
LEAD-0508,Suresh Krishnan,9912561107,Channel Partner,CHANNEL_PARTNER
LEAD-0509,Pranav Balaji,6277469766,Channel Partner,CHANNEL_PARTNER
LEAD-0510,Pranav Pandey,6491213247,Buyer,BUYER
LEAD-0511,Reyansh Saxena,7119543276,Channel Partner,CHANNEL_PARTNER
LEAD-0512,Myra Pillai,9579260378,Enquiry,ENQUIRY
LEAD-0513,Aadhya Singh,6123165955,Site Visit,SITE_VISIT
LEAD-0514,Suresh Kulkarni,7785244063,Enquiry,ENQUIRY
LEAD-0515,Tanvi Roy,6721155851,Site Visit,SITE_VISIT
LEAD-0516,Dinesh Kapoor,8108699346,Enquiry,ENQUIRY
LEAD-0517,Sneha Joshi,6016389273,Buyer,BUYER
LEAD-0518,Navaneethan Naidu,6590483793,Site Visit,SITE_VISIT
LEAD-0519,Ira Saxena,8743600712,Site Visit,SITE_VISIT
LEAD-0520,Tanvi Aggarwal,7596410141,Enquiry,ENQUIRY
LEAD-0521,Neha Singh,8082289687,Channel Partner,CHANNEL_PARTNER
LEAD-0522,Siddharth Chatterjee,9072560378,Buyer,BUYER
LEAD-0523,Anand Shetty,7419697432,Site Visit,SITE_VISIT
LEAD-0524,Azhagu Kumar,7072630365,Buyer,BUYER
LEAD-0525,Pranav Arora,9027833384,Site Visit,SITE_VISIT
LEAD-0526,Rohan Kulkarni,7053644972,Channel Partner,CHANNEL_PARTNER
LEAD-0527,Janani Verma,8761468017,Channel Partner,CHANNEL_PARTNER
LEAD-0528,Krishna Tripathi,7073356693,Buyer,BUYER
LEAD-0529,Dinesh Ramaswamy,6659182871,Site Visit,SITE_VISIT
LEAD-0530,Vivaan Naidu,7373753623,Channel Partner,CHANNEL_PARTNER
LEAD-0531,Ananya Ramaswamy,8602685078,Site Visit,SITE_VISIT
LEAD-0532,Ramesh Nair,7456980137,Enquiry,ENQUIRY
LEAD-0533,Vivaan Pandey,9841748311,Site Visit,SITE_VISIT
LEAD-0534,Suresh Subramanian,6250824319,Channel Partner,CHANNEL_PARTNER
LEAD-0535,Ananya Aggarwal,7631930086,Enquiry,ENQUIRY
LEAD-0536,Riya Jain,6095441733,Channel Partner,CHANNEL_PARTNER
LEAD-0537,Divya Das,8624833568,Enquiry,ENQUIRY
LEAD-0538,Krishna Chatterjee,9116697037,Buyer,BUYER
LEAD-0539,Vivaan Roy,8675962083,Site Visit,SITE_VISIT
LEAD-0540,Priya Jain,8702711595,Site Visit,SITE_VISIT
LEAD-0541,Saanvi Kumar,6597434720,Site Visit,SITE_VISIT
LEAD-0542,Pooja Pillai,8329247563,Enquiry,ENQUIRY
LEAD-0543,Ananya Jain,8152088431,Site Visit,SITE_VISIT
LEAD-0544,Riya Iyer,8717209297,Buyer,BUYER
LEAD-0545,Ishita Gupta,6292033900,Site Visit,SITE_VISIT
LEAD-0546,Lakshmi Sundaram,7712138618,Site Visit,SITE_VISIT
LEAD-0547,Arjun Kulkarni,8086829041,Enquiry,ENQUIRY
LEAD-0548,Vasudevan Balaji,8415724269,Buyer,BUYER
LEAD-0549,Vasudevan Pandey,9160910316,Buyer,BUYER
LEAD-0550,Neha Sundaram,7206300933,Buyer,BUYER
LEAD-0551,Kavya Saxena,9839449587,Buyer,BUYER
LEAD-0552,Karthik Saxena,6696852085,Site Visit,SITE_VISIT
LEAD-0553,Akash Pillai,6276060328,Buyer,BUYER
LEAD-0554,Ishaan Malhotra,7954255716,Buyer,BUYER
LEAD-0555,Riya Singh,8949832063,Enquiry,ENQUIRY
LEAD-0556,Rohan Shetty,6861057122,Channel Partner,CHANNEL_PARTNER
LEAD-0557,Saanvi Sundaram,7664930130,Channel Partner,CHANNEL_PARTNER
LEAD-0558,Anika Menon,8355711415,Enquiry,ENQUIRY
LEAD-0559,Azhagu Iyer,9732308705,Site Visit,SITE_VISIT
LEAD-0560,Vasudevan Krishnan,8182275389,Channel Partner,CHANNEL_PARTNER
LEAD-0561,Tanvi Malhotra,7225147751,Enquiry,ENQUIRY
LEAD-0562,Kavya Yadav,6179819454,Enquiry,ENQUIRY
LEAD-0563,Neha Malhotra,7720740962,Enquiry,ENQUIRY
LEAD-0564,Dinesh Gupta,8373617428,Channel Partner,CHANNEL_PARTNER
LEAD-0565,Ishaan Venkatesh,7235285368,Enquiry,ENQUIRY
LEAD-0566,Vivaan Bose,9617246397,Enquiry,ENQUIRY
LEAD-0567,Ganesh Joshi,8864678855,Enquiry,ENQUIRY
LEAD-0568,Meera Singh,6433192571,Enquiry,ENQUIRY
LEAD-0569,Divya Yadav,9687413037,Enquiry,ENQUIRY
LEAD-0570,Ishaan Patel,9684672207,Channel Partner,CHANNEL_PARTNER
LEAD-0571,Dinesh Chatterjee,9036860994,Site Visit,SITE_VISIT
LEAD-0572,Anika Bose,9717820269,Buyer,BUYER
LEAD-0573,Myra Arora,8149510979,Enquiry,ENQUIRY
LEAD-0574,Ishaan Arora,9928493344,Buyer,BUYER
LEAD-0575,Anika Joshi,7070012089,Site Visit,SITE_VISIT
LEAD-0576,Divya Tripathi,8680466838,Channel Partner,CHANNEL_PARTNER
LEAD-0577,Vikram Mehta,6155775591,Enquiry,ENQUIRY
LEAD-0578,Lakshmi Joshi,7122480561,Site Visit,SITE_VISIT
LEAD-0579,Shreya Singh,6331152469,Site Visit,SITE_VISIT
LEAD-0580,Aadhya Sundaram,9868589574,Site Visit,SITE_VISIT
LEAD-0581,Aarav Iyer,7454131066,Enquiry,ENQUIRY
LEAD-0582,Ira Mukherjee,9056440212,Channel Partner,CHANNEL_PARTNER
LEAD-0583,Ira Mehta,8580072646,Enquiry,ENQUIRY
LEAD-0584,Dinesh Pillai,6941718670,Channel Partner,CHANNEL_PARTNER
LEAD-0585,Vikram Krishnan,8060444384,Site Visit,SITE_VISIT
LEAD-0586,Ganesh Sharma,7279055207,Channel Partner,CHANNEL_PARTNER
LEAD-0587,Ishita Das,9145912597,Enquiry,ENQUIRY
LEAD-0588,Navaneethan Gupta,6982719036,Site Visit,SITE_VISIT
LEAD-0589,Janani Menon,6060436831,Enquiry,ENQUIRY
LEAD-0590,Pooja Iyer,6442039174,Enquiry,ENQUIRY
LEAD-0591,Suresh Balaji,8029439466,Buyer,BUYER
LEAD-0592,Vihaan Yadav,6947426874,Channel Partner,CHANNEL_PARTNER
LEAD-0593,Saanvi Malhotra,8843351688,Channel Partner,CHANNEL_PARTNER
LEAD-0594,Gopal Jain,9711546167,Channel Partner,CHANNEL_PARTNER
LEAD-0595,Gopal Aggarwal,8165669371,Channel Partner,CHANNEL_PARTNER
LEAD-0596,Aditya Pandey,8177514230,Enquiry,ENQUIRY
LEAD-0597,Suresh Kapoor,8169503105,Buyer,BUYER
LEAD-0598,Ishita Das,8129205094,Buyer,BUYER
LEAD-0599,Krishna Venkatesh,6645592723,Enquiry,ENQUIRY
LEAD-0600,Vihaan Roy,8484992187,Channel Partner,CHANNEL_PARTNER
LEAD-0601,Saanvi Arora,6554308526,Site Visit,SITE_VISIT
LEAD-0602,Priya Menon,7235126704,Buyer,BUYER
LEAD-0603,Naveen Iyer,8160250488,Channel Partner,CHANNEL_PARTNER
LEAD-0604,Divya Pillai,6258756987,Site Visit,SITE_VISIT
LEAD-0605,Sai Sundaram,6005184022,Channel Partner,CHANNEL_PARTNER
LEAD-0606,Reyansh Balaji,8342461163,Channel Partner,CHANNEL_PARTNER
LEAD-0607,Dinesh Krishnan,9306313812,Enquiry,ENQUIRY
LEAD-0608,Ganesh Sharma,6055859075,Site Visit,SITE_VISIT
LEAD-0609,Ayaan Yadav,6614602351,Channel Partner,CHANNEL_PARTNER
LEAD-0610,Harish Tripathi,9710524816,Site Visit,SITE_VISIT
LEAD-0611,Aarav Malhotra,9861958570,Site Visit,SITE_VISIT
LEAD-0612,Dinesh Kapoor,7408016120,Site Visit,SITE_VISIT
LEAD-0613,Janani Kumar,8350253645,Enquiry,ENQUIRY
LEAD-0614,Pooja Sundaram,9802915856,Enquiry,ENQUIRY
LEAD-0615,Azhagu Mukherjee,8947198029,Enquiry,ENQUIRY
LEAD-0616,Anand Jain,8058053439,Enquiry,ENQUIRY
LEAD-0617,Nisha Narayanan,8919192147,Enquiry,ENQUIRY
LEAD-0618,Janani Yadav,8659488906,Buyer,BUYER
LEAD-0619,Tanvi Kumar,9286723839,Site Visit,SITE_VISIT
LEAD-0620,Aarav Naidu,9257598233,Site Visit,SITE_VISIT
LEAD-0621,Shreya Singh,6906871524,Channel Partner,CHANNEL_PARTNER
LEAD-0622,Arjun Chauhan,6650405635,Enquiry,ENQUIRY
LEAD-0623,Reyansh Yadav,8817880371,Enquiry,ENQUIRY
LEAD-0624,Janani Balaji,8695049533,Channel Partner,CHANNEL_PARTNER
LEAD-0625,Diya Menon,7387784449,Channel Partner,CHANNEL_PARTNER
LEAD-0626,Myra Mukherjee,8773451505,Enquiry,ENQUIRY
LEAD-0627,Naveen Venkatesh,7959657412,Site Visit,SITE_VISIT
LEAD-0628,Reyansh Mukherjee,7378093654,Channel Partner,CHANNEL_PARTNER
LEAD-0629,Ganesh Mehta,9617400285,Enquiry,ENQUIRY
LEAD-0630,Ananya Das,9211418789,Site Visit,SITE_VISIT
LEAD-0631,Ananya Singh,7834501796,Channel Partner,CHANNEL_PARTNER
LEAD-0632,Naveen Venkatesh,7339046106,Site Visit,SITE_VISIT
LEAD-0633,Azhagu Pandey,7623950820,Site Visit,SITE_VISIT
LEAD-0634,Sneha Kapoor,7541340301,Channel Partner,CHANNEL_PARTNER
LEAD-0635,Anika Sundaram,9434204209,Enquiry,ENQUIRY
LEAD-0636,Karthik Mehta,6224929418,Enquiry,ENQUIRY
LEAD-0637,Rahul Rao,9775031263,Enquiry,ENQUIRY
LEAD-0638,Neha Mukherjee,6843681861,Site Visit,SITE_VISIT
LEAD-0639,Ganesh Saxena,6287441787,Site Visit,SITE_VISIT
LEAD-0640,Aarav Saxena,7099296439,Buyer,BUYER
LEAD-0641,Rohan Rao,7604717059,Channel Partner,CHANNEL_PARTNER
LEAD-0642,Priya Kapoor,8295612850,Buyer,BUYER
LEAD-0643,Vasudevan Das,7543600741,Channel Partner,CHANNEL_PARTNER
LEAD-0644,Navaneethan Malhotra,7862496924,Enquiry,ENQUIRY
LEAD-0645,Karthik Verma,8017115307,Enquiry,ENQUIRY
LEAD-0646,Akash Bhat,8596402469,Enquiry,ENQUIRY
LEAD-0647,Suresh Narayanan,8482569647,Channel Partner,CHANNEL_PARTNER
LEAD-0648,Myra Tripathi,6039107669,Site Visit,SITE_VISIT
LEAD-0649,Nisha Menon,8420639995,Buyer,BUYER
LEAD-0650,Saanvi Singh,9803191475,Enquiry,ENQUIRY
LEAD-0651,Riya Sundaram,6128043834,Site Visit,SITE_VISIT
LEAD-0652,Aditya Bhat,9410769701,Site Visit,SITE_VISIT
LEAD-0653,Saanvi Kapoor,6822178461,Site Visit,SITE_VISIT
LEAD-0654,Vihaan Menon,7388660561,Buyer,BUYER
LEAD-0655,Janani Shetty,7268714189,Enquiry,ENQUIRY
LEAD-0656,Anand Joshi,6243297789,Site Visit,SITE_VISIT
LEAD-0657,Kavya Pillai,6598661719,Site Visit,SITE_VISIT
LEAD-0658,Krishna Iyer,7219550762,Enquiry,ENQUIRY
LEAD-0659,Sneha Kulkarni,8798728187,Channel Partner,CHANNEL_PARTNER
LEAD-0660,Ishaan Arora,6840163367,Enquiry,ENQUIRY
LEAD-0661,Ganesh Das,6464196632,Buyer,BUYER
LEAD-0662,Neha Jain,7304275177,Enquiry,ENQUIRY
LEAD-0663,Ganesh Balaji,6126626100,Enquiry,ENQUIRY
LEAD-0664,Suresh Venkatesh,6249411985,Enquiry,ENQUIRY
LEAD-0665,Gopal Verma,8684562622,Channel Partner,CHANNEL_PARTNER
LEAD-0666,Sneha Iyer,7817678868,Enquiry,ENQUIRY
LEAD-0667,Karthik Yadav,8412231306,Channel Partner,CHANNEL_PARTNER
LEAD-0668,Aadhya Naidu,8562856229,Site Visit,SITE_VISIT
LEAD-0669,Ira Aggarwal,8902597425,Enquiry,ENQUIRY
LEAD-0670,Rahul Das,6093713446,Enquiry,ENQUIRY
LEAD-0671,Anika Pandey,9727527644,Buyer,BUYER
LEAD-0672,Krishna Pillai,8422021037,Site Visit,SITE_VISIT
LEAD-0673,Akash Saxena,7074953442,Site Visit,SITE_VISIT
LEAD-0674,Vihaan Venkatesh,8255693255,Buyer,BUYER
LEAD-0675,Pooja Joshi,9359514823,Buyer,BUYER
LEAD-0676,Ganesh Chauhan,6924689531,Buyer,BUYER
LEAD-0677,Pooja Naidu,6437461126,Site Visit,SITE_VISIT
LEAD-0678,Kavya Ramaswamy,9761706639,Enquiry,ENQUIRY
LEAD-0679,Janani Iyer,6760062769,Buyer,BUYER
LEAD-0680,Ganesh Nair,6104650552,Buyer,BUYER
LEAD-0681,Anand Singh,6117160241,Buyer,BUYER
LEAD-0682,Ganesh Aggarwal,6130608450,Channel Partner,CHANNEL_PARTNER
LEAD-0683,Tanvi Iyer,9347262672,Site Visit,SITE_VISIT
LEAD-0684,Nisha Aggarwal,9998182787,Site Visit,SITE_VISIT
LEAD-0685,Ishita Mehta,8896972632,Enquiry,ENQUIRY
LEAD-0686,Arjun Kumar,9115591177,Enquiry,ENQUIRY
LEAD-0687,Priya Venkatesh,6932774465,Site Visit,SITE_VISIT
LEAD-0688,Vivaan Saxena,9150248909,Enquiry,ENQUIRY
LEAD-0689,Aarav Tripathi,9574103868,Site Visit,SITE_VISIT
LEAD-0690,Vivaan Sharma,7513134044,Channel Partner,CHANNEL_PARTNER
LEAD-0691,Naveen Chauhan,8150302996,Channel Partner,CHANNEL_PARTNER
LEAD-0692,Anika Bose,7779314061,Enquiry,ENQUIRY
LEAD-0693,Anand Aggarwal,6071676221,Channel Partner,CHANNEL_PARTNER
LEAD-0694,Sneha Ramaswamy,8756792161,Enquiry,ENQUIRY
LEAD-0695,Vasudevan Ramaswamy,6269772884,Channel Partner,CHANNEL_PARTNER
LEAD-0696,Diya Mehta,8720429306,Channel Partner,CHANNEL_PARTNER
LEAD-0697,Meera Kumar,6179100518,Buyer,BUYER
LEAD-0698,Vivaan Balaji,9412499926,Buyer,BUYER
LEAD-0699,Sneha Patel,9221115712,Enquiry,ENQUIRY
LEAD-0700,Arjun Naidu,9123047419,Enquiry,ENQUIRY
LEAD-0701,Ira Roy,8339089191,Channel Partner,CHANNEL_PARTNER
LEAD-0702,Meera Singh,9049457711,Site Visit,SITE_VISIT
LEAD-0703,Nisha Bose,6426796360,Channel Partner,CHANNEL_PARTNER
LEAD-0704,Sneha Rao,6284546011,Buyer,BUYER
LEAD-0705,Krishna Yadav,7508757917,Buyer,BUYER
LEAD-0706,Pranav Verma,7101729466,Site Visit,SITE_VISIT
LEAD-0707,Ishita Roy,8388780418,Site Visit,SITE_VISIT
LEAD-0708,Vihaan Yadav,8261496912,Site Visit,SITE_VISIT
LEAD-0709,Siddharth Das,7297184780,Channel Partner,CHANNEL_PARTNER
LEAD-0710,Sneha Bhat,8002503460,Buyer,BUYER
LEAD-0711,Sai Kumar,6198720788,Buyer,BUYER
LEAD-0712,Ananya Roy,6580564091,Buyer,BUYER
LEAD-0713,Shreya Pandey,7497651057,Enquiry,ENQUIRY
LEAD-0714,Ishita Naidu,9059476325,Site Visit,SITE_VISIT
LEAD-0715,Diya Roy,9812738720,Buyer,BUYER
LEAD-0716,Pooja Joshi,7636902364,Site Visit,SITE_VISIT
LEAD-0717,Anika Subramanian,6281064290,Buyer,BUYER
LEAD-0718,Priya Verma,6955933280,Buyer,BUYER
LEAD-0719,Pranav Kulkarni,8965240999,Site Visit,SITE_VISIT
LEAD-0720,Reyansh Rao,8035799820,Enquiry,ENQUIRY
LEAD-0721,Meera Iyer,6173845785,Site Visit,SITE_VISIT
LEAD-0722,Azhagu Mukherjee,8209002862,Channel Partner,CHANNEL_PARTNER
LEAD-0723,Gopal Nair,9153274294,Site Visit,SITE_VISIT
LEAD-0724,Divya Verma,6952623709,Enquiry,ENQUIRY
LEAD-0725,Riya Naidu,6548095375,Buyer,BUYER
LEAD-0726,Ishaan Jain,8665714590,Channel Partner,CHANNEL_PARTNER
LEAD-0727,Ganesh Sharma,8705905069,Channel Partner,CHANNEL_PARTNER
LEAD-0728,Lakshmi Mehta,6715429489,Channel Partner,CHANNEL_PARTNER
LEAD-0729,Gopal Sundaram,9677720032,Buyer,BUYER
LEAD-0730,Vihaan Pandey,8399291688,Channel Partner,CHANNEL_PARTNER
LEAD-0731,Ishita Chatterjee,7598786734,Enquiry,ENQUIRY
LEAD-0732,Hari Kulkarni,8980765261,Channel Partner,CHANNEL_PARTNER
LEAD-0733,Rohan Kumar,9778777385,Channel Partner,CHANNEL_PARTNER
LEAD-0734,Lakshmi Mehta,6147392838,Channel Partner,CHANNEL_PARTNER
LEAD-0735,Karthik Pillai,7399773141,Channel Partner,CHANNEL_PARTNER
LEAD-0736,Vivaan Krishnan,9116793849,Channel Partner,CHANNEL_PARTNER
LEAD-0737,Meera Saxena,9416790061,Enquiry,ENQUIRY
LEAD-0738,Anika Tripathi,9241640615,Enquiry,ENQUIRY
LEAD-0739,Vivaan Verma,8888610979,Enquiry,ENQUIRY
LEAD-0740,Vivaan Sundaram,9452446805,Buyer,BUYER
LEAD-0741,Ishita Mehta,7378598311,Site Visit,SITE_VISIT
LEAD-0742,Aditya Balaji,9606215936,Site Visit,SITE_VISIT
LEAD-0743,Tanvi Pandey,9578686926,Channel Partner,CHANNEL_PARTNER
LEAD-0744,Ananya Menon,7155013446,Buyer,BUYER
LEAD-0745,Vikram Bose,6726186043,Buyer,BUYER
LEAD-0746,Rohan Iyer,6912028484,Buyer,BUYER
LEAD-0747,Divya Aggarwal,6188869644,Site Visit,SITE_VISIT
LEAD-0748,Anand Yadav,6450811786,Channel Partner,CHANNEL_PARTNER
LEAD-0749,Dinesh Sharma,7470021381,Enquiry,ENQUIRY
LEAD-0750,Divya Sundaram,8956588099,Enquiry,ENQUIRY
LEAD-0751,Krishna Naidu,8129736695,Enquiry,ENQUIRY
LEAD-0752,Hari Menon,9167098614,Site Visit,SITE_VISIT
LEAD-0753,Shreya Ramaswamy,7646713440,Channel Partner,CHANNEL_PARTNER
LEAD-0754,Krishna Bose,9226982821,Channel Partner,CHANNEL_PARTNER
LEAD-0755,Ishaan Bose,8684458809,Buyer,BUYER
LEAD-0756,Ishita Menon,6044499263,Site Visit,SITE_VISIT
LEAD-0757,Kavya Tripathi,7420293063,Buyer,BUYER
LEAD-0758,Saanvi Bose,6397431150,Enquiry,ENQUIRY
LEAD-0759,Aadhya Mukherjee,8232418148,Enquiry,ENQUIRY
LEAD-0760,Vasudevan Aggarwal,6189025456,Enquiry,ENQUIRY
LEAD-0761,Tanvi Patel,6580800160,Enquiry,ENQUIRY
LEAD-0762,Akash Joshi,9917789660,Channel Partner,CHANNEL_PARTNER
LEAD-0763,Harish Gupta,6471503452,Site Visit,SITE_VISIT
LEAD-0764,Janani Reddy,6365814162,Channel Partner,CHANNEL_PARTNER
LEAD-0765,Aadhya Sharma,9762966514,Channel Partner,CHANNEL_PARTNER
LEAD-0766,Janani Gupta,7988318769,Channel Partner,CHANNEL_PARTNER
LEAD-0767,Ananya Saxena,9333889269,Enquiry,ENQUIRY
LEAD-0768,Aarav Ramaswamy,6817754839,Site Visit,SITE_VISIT
LEAD-0769,Divya Rao,8492317794,Channel Partner,CHANNEL_PARTNER
LEAD-0770,Janani Ramaswamy,7950964486,Site Visit,SITE_VISIT
LEAD-0771,Neha Roy,7481591238,Site Visit,SITE_VISIT
LEAD-0772,Hari Malhotra,6574120066,Site Visit,SITE_VISIT
LEAD-0773,Ayaan Kapoor,6333381494,Enquiry,ENQUIRY
LEAD-0774,Rahul Kumar,9521588375,Enquiry,ENQUIRY
LEAD-0775,Rahul Krishnan,9579240401,Site Visit,SITE_VISIT
LEAD-0776,Navaneethan Menon,6928489060,Enquiry,ENQUIRY
LEAD-0777,Tanvi Venkatesh,8185571588,Enquiry,ENQUIRY
LEAD-0778,Arjun Joshi,8004359075,Site Visit,SITE_VISIT
LEAD-0779,Azhagu Verma,7245544669,Channel Partner,CHANNEL_PARTNER
LEAD-0780,Reyansh Bose,7736891737,Site Visit,SITE_VISIT
LEAD-0781,Ayaan Pillai,8051834242,Enquiry,ENQUIRY
LEAD-0782,Krishna Rao,7243549180,Enquiry,ENQUIRY
LEAD-0783,Neha Chauhan,8094382969,Buyer,BUYER
LEAD-0784,Pooja Kumar,6161860193,Site Visit,SITE_VISIT
LEAD-0785,Pooja Das,9491539282,Channel Partner,CHANNEL_PARTNER
LEAD-0786,Ramesh Bose,6781165354,Buyer,BUYER
LEAD-0787,Diya Rao,6359810864,Channel Partner,CHANNEL_PARTNER
LEAD-0788,Ganesh Venkatesh,8730261571,Buyer,BUYER
LEAD-0789,Anand Joshi,9564877559,Channel Partner,CHANNEL_PARTNER
LEAD-0790,Gopal Venkatesh,9128538884,Channel Partner,CHANNEL_PARTNER
LEAD-0791,Karthik Singh,8450322910,Buyer,BUYER
LEAD-0792,Ramesh Singh,9228140445,Channel Partner,CHANNEL_PARTNER
LEAD-0793,Tanvi Mehta,6854065661,Site Visit,SITE_VISIT
LEAD-0794,Diya Kapoor,6284224318,Buyer,BUYER
LEAD-0795,Siddharth Chatterjee,6065233172,Site Visit,SITE_VISIT
LEAD-0796,Lakshmi Kulkarni,7885868646,Site Visit,SITE_VISIT
LEAD-0797,Priya Naidu,6963475114,Channel Partner,CHANNEL_PARTNER
LEAD-0798,Riya Mukherjee,6217779673,Buyer,BUYER
LEAD-0799,Arjun Malhotra,9107797516,Enquiry,ENQUIRY
LEAD-0800,Myra Tripathi,6976815511,Buyer,BUYER
LEAD-0801,Vihaan Kulkarni,9691466510,Channel Partner,CHANNEL_PARTNER
LEAD-0802,Ishaan Sundaram,7719887280,Channel Partner,CHANNEL_PARTNER
LEAD-0803,Tanvi Jain,8025862011,Site Visit,SITE_VISIT
LEAD-0804,Ananya Kulkarni,9052908689,Site Visit,SITE_VISIT
LEAD-0805,Harish Das,9885217537,Channel Partner,CHANNEL_PARTNER
LEAD-0806,Vikram Iyer,9930986712,Channel Partner,CHANNEL_PARTNER
LEAD-0807,Nisha Patel,8607994713,Site Visit,SITE_VISIT
LEAD-0808,Ayaan Arora,9491823193,Channel Partner,CHANNEL_PARTNER
LEAD-0809,Myra Yadav,7108115285,Channel Partner,CHANNEL_PARTNER
LEAD-0810,Ramesh Kapoor,9212525937,Enquiry,ENQUIRY
LEAD-0811,Aarav Pillai,7280397771,Enquiry,ENQUIRY
LEAD-0812,Lakshmi Menon,8277910363,Site Visit,SITE_VISIT
LEAD-0813,Ira Yadav,9112167722,Enquiry,ENQUIRY
LEAD-0814,Ayaan Balaji,8212806224,Site Visit,SITE_VISIT
LEAD-0815,Ishaan Iyer,6116761747,Enquiry,ENQUIRY
LEAD-0816,Nisha Gupta,6884584840,Site Visit,SITE_VISIT
LEAD-0817,Anika Pillai,6931628781,Site Visit,SITE_VISIT
LEAD-0818,Akash Arora,7327391917,Channel Partner,CHANNEL_PARTNER
LEAD-0819,Vasudevan Krishnan,6794629071,Enquiry,ENQUIRY
LEAD-0820,Ira Venkatesh,6430844493,Buyer,BUYER
LEAD-0821,Sai Pandey,6998142403,Enquiry,ENQUIRY
LEAD-0822,Saanvi Krishnan,9903374265,Site Visit,SITE_VISIT
LEAD-0823,Rohan Reddy,9422714336,Buyer,BUYER
LEAD-0824,Sneha Kapoor,7203974038,Enquiry,ENQUIRY
LEAD-0825,Anika Subramanian,9196215509,Enquiry,ENQUIRY
LEAD-0826,Rohan Malhotra,9009752674,Enquiry,ENQUIRY
LEAD-0827,Sai Sharma,9842298273,Buyer,BUYER
LEAD-0828,Vasudevan Krishnan,9249488893,Channel Partner,CHANNEL_PARTNER
LEAD-0829,Harish Krishnan,9915699767,Channel Partner,CHANNEL_PARTNER
LEAD-0830,Harish Chauhan,9564727757,Enquiry,ENQUIRY
LEAD-0831,Reyansh Krishnan,6756741755,Site Visit,SITE_VISIT
LEAD-0832,Dinesh Venkatesh,9499037448,Site Visit,SITE_VISIT
LEAD-0833,Aditya Pandey,9990388821,Buyer,BUYER
LEAD-0834,Harish Menon,8499065055,Buyer,BUYER
LEAD-0835,Ayaan Jain,6268377603,Enquiry,ENQUIRY
LEAD-0836,Harish Pandey,6941037138,Site Visit,SITE_VISIT
LEAD-0837,Siddharth Gupta,7454309592,Enquiry,ENQUIRY
LEAD-0838,Azhagu Yadav,8783920968,Site Visit,SITE_VISIT
LEAD-0839,Ganesh Venkatesh,7063399202,Buyer,BUYER
LEAD-0840,Siddharth Chauhan,6215787642,Buyer,BUYER
LEAD-0841,Myra Ramaswamy,6938278708,Channel Partner,CHANNEL_PARTNER
LEAD-0842,Vivaan Shetty,8563179990,Buyer,BUYER
LEAD-0843,Kavya Kulkarni,9303314678,Buyer,BUYER
LEAD-0844,Riya Aggarwal,8253202225,Enquiry,ENQUIRY
LEAD-0845,Vikram Rao,7898807398,Enquiry,ENQUIRY
LEAD-0846,Saanvi Kapoor,7255165754,Site Visit,SITE_VISIT
LEAD-0847,Vihaan Naidu,7513325437,Site Visit,SITE_VISIT
LEAD-0848,Gopal Malhotra,7414559991,Channel Partner,CHANNEL_PARTNER
LEAD-0849,Myra Narayanan,9286999880,Enquiry,ENQUIRY
LEAD-0850,Ishita Saxena,6496141726,Enquiry,ENQUIRY
LEAD-0851,Sneha Kumar,9851514050,Site Visit,SITE_VISIT
LEAD-0852,Sai Shetty,7547846594,Enquiry,ENQUIRY
LEAD-0853,Hari Balaji,8224811570,Channel Partner,CHANNEL_PARTNER
LEAD-0854,Naveen Mukherjee,8791651083,Buyer,BUYER
LEAD-0855,Riya Nair,7977772798,Site Visit,SITE_VISIT
LEAD-0856,Naveen Tripathi,8921601841,Site Visit,SITE_VISIT
LEAD-0857,Janani Kumar,8727653545,Site Visit,SITE_VISIT
LEAD-0858,Diya Malhotra,6562746789,Site Visit,SITE_VISIT
LEAD-0859,Vikram Shetty,7498065933,Site Visit,SITE_VISIT
LEAD-0860,Karthik Singh,9291706239,Channel Partner,CHANNEL_PARTNER
LEAD-0861,Naveen Verma,9964512352,Buyer,BUYER
LEAD-0862,Diya Arora,8581746680,Enquiry,ENQUIRY
LEAD-0863,Pooja Narayanan,6365276652,Enquiry,ENQUIRY
LEAD-0864,Tanvi Narayanan,7957075880,Channel Partner,CHANNEL_PARTNER
LEAD-0865,Siddharth Tripathi,7751361568,Buyer,BUYER
LEAD-0866,Diya Nair,8246471078,Buyer,BUYER
LEAD-0867,Vasudevan Pandey,7426353953,Site Visit,SITE_VISIT
LEAD-0868,Anika Mehta,8796262369,Enquiry,ENQUIRY
LEAD-0869,Anand Rao,8897663773,Site Visit,SITE_VISIT
LEAD-0870,Krishna Bhat,6220586720,Buyer,BUYER
LEAD-0871,Ishita Chatterjee,9423598812,Buyer,BUYER
LEAD-0872,Naveen Bose,8866103953,Site Visit,SITE_VISIT
LEAD-0873,Aditya Jain,9439281045,Channel Partner,CHANNEL_PARTNER
LEAD-0874,Navaneethan Kapoor,7726638503,Buyer,BUYER
LEAD-0875,Shreya Bose,8753040326,Channel Partner,CHANNEL_PARTNER
LEAD-0876,Saanvi Bose,9722228837,Site Visit,SITE_VISIT
LEAD-0877,Azhagu Roy,7596878581,Channel Partner,CHANNEL_PARTNER
LEAD-0878,Aarav Chatterjee,8676869634,Channel Partner,CHANNEL_PARTNER
LEAD-0879,Vivaan Tripathi,7853567465,Site Visit,SITE_VISIT
LEAD-0880,Neha Kulkarni,6121580953,Channel Partner,CHANNEL_PARTNER
LEAD-0881,Rohan Kumar,8808623903,Site Visit,SITE_VISIT
LEAD-0882,Janani Ramaswamy,6791348337,Site Visit,SITE_VISIT
LEAD-0883,Ishita Malhotra,6315072921,Enquiry,ENQUIRY
LEAD-0884,Anika Chauhan,9355431652,Enquiry,ENQUIRY
LEAD-0885,Karthik Jain,7401591813,Enquiry,ENQUIRY
LEAD-0886,Anand Rao,6121816832,Buyer,BUYER
LEAD-0887,Gopal Patel,7306338733,Enquiry,ENQUIRY
LEAD-0888,Gopal Jain,8664133769,Channel Partner,CHANNEL_PARTNER
LEAD-0889,Reyansh Subramanian,6831254977,Site Visit,SITE_VISIT
LEAD-0890,Anand Naidu,8982273424,Buyer,BUYER
LEAD-0891,Dinesh Bose,8510435464,Enquiry,ENQUIRY
LEAD-0892,Vasudevan Narayanan,9021185687,Channel Partner,CHANNEL_PARTNER
LEAD-0893,Priya Kapoor,6521053924,Buyer,BUYER
LEAD-0894,Priya Tripathi,7924075329,Site Visit,SITE_VISIT
LEAD-0895,Shreya Arora,6639593034,Site Visit,SITE_VISIT
LEAD-0896,Arjun Singh,9950896610,Buyer,BUYER
LEAD-0897,Suresh Yadav,9849582772,Buyer,BUYER
LEAD-0898,Vikram Sundaram,9801186104,Channel Partner,CHANNEL_PARTNER
LEAD-0899,Arjun Rao,8327510201,Buyer,BUYER
LEAD-0900,Riya Kapoor,9611508489,Enquiry,ENQUIRY
LEAD-0901,Riya Verma,9923511548,Site Visit,SITE_VISIT
LEAD-0902,Akash Patel,7404158490,Site Visit,SITE_VISIT
LEAD-0903,Myra Yadav,6089585113,Enquiry,ENQUIRY
LEAD-0904,Anand Mukherjee,8209775041,Enquiry,ENQUIRY
LEAD-0905,Ira Ramaswamy,7825217209,Site Visit,SITE_VISIT
LEAD-0906,Ishaan Balaji,7513512505,Enquiry,ENQUIRY
LEAD-0907,Aarav Tripathi,7265496014,Buyer,BUYER
LEAD-0908,Vasudevan Rao,8814337545,Buyer,BUYER
LEAD-0909,Sneha Iyer,9133260830,Buyer,BUYER
LEAD-0910,Lakshmi Kulkarni,6170044642,Channel Partner,CHANNEL_PARTNER
LEAD-0911,Riya Das,8205161130,Channel Partner,CHANNEL_PARTNER
LEAD-0912,Dinesh Kumar,8734159239,Channel Partner,CHANNEL_PARTNER
LEAD-0913,Vivaan Krishnan,9071659507,Buyer,BUYER
LEAD-0914,Rahul Nair,7794356022,Buyer,BUYER
LEAD-0915,Siddharth Ramaswamy,9373782005,Site Visit,SITE_VISIT
LEAD-0916,Rohan Bhat,7169346355,Site Visit,SITE_VISIT
LEAD-0917,Krishna Shetty,7461243567,Channel Partner,CHANNEL_PARTNER
LEAD-0918,Reyansh Mukherjee,6438604076,Enquiry,ENQUIRY
LEAD-0919,Aadhya Chauhan,7974404228,Enquiry,ENQUIRY
LEAD-0920,Shreya Nair,6255554375,Channel Partner,CHANNEL_PARTNER
LEAD-0921,Anika Saxena,6192955782,Channel Partner,CHANNEL_PARTNER
LEAD-0922,Ira Rao,7628909287,Buyer,BUYER
LEAD-0923,Rahul Yadav,8938342917,Buyer,BUYER
LEAD-0924,Lakshmi Malhotra,6566481040,Buyer,BUYER
LEAD-0925,Dinesh Reddy,7172562421,Buyer,BUYER
LEAD-0926,Ramesh Joshi,8361508182,Buyer,BUYER
LEAD-0927,Ananya Sharma,7621024804,Buyer,BUYER
LEAD-0928,Aarav Naidu,9132143455,Site Visit,SITE_VISIT
LEAD-0929,Meera Verma,6759358685,Enquiry,ENQUIRY
LEAD-0930,Arjun Kumar,8556617694,Channel Partner,CHANNEL_PARTNER
LEAD-0931,Janani Tripathi,6094075916,Site Visit,SITE_VISIT
LEAD-0932,Aadhya Balaji,7252583295,Channel Partner,CHANNEL_PARTNER
LEAD-0933,Vikram Menon,9386426989,Channel Partner,CHANNEL_PARTNER
LEAD-0934,Dinesh Joshi,9687260113,Channel Partner,CHANNEL_PARTNER
LEAD-0935,Neha Kumar,7570028939,Channel Partner,CHANNEL_PARTNER
LEAD-0936,Neha Verma,9677229791,Buyer,BUYER
LEAD-0937,Anand Pillai,9096383872,Enquiry,ENQUIRY
LEAD-0938,Kavya Menon,6214807886,Enquiry,ENQUIRY
LEAD-0939,Ramesh Kumar,8235834366,Channel Partner,CHANNEL_PARTNER
LEAD-0940,Reyansh Krishnan,9448936679,Channel Partner,CHANNEL_PARTNER
LEAD-0941,Dinesh Mehta,8489055650,Enquiry,ENQUIRY
LEAD-0942,Priya Narayanan,8388692377,Site Visit,SITE_VISIT
LEAD-0943,Neha Pillai,6353063760,Buyer,BUYER
LEAD-0944,Rahul Jain,6537500738,Enquiry,ENQUIRY
LEAD-0945,Ishaan Jain,6783882733,Site Visit,SITE_VISIT
LEAD-0946,Diya Saxena,9875138661,Buyer,BUYER
LEAD-0947,Vikram Reddy,9364065667,Site Visit,SITE_VISIT
LEAD-0948,Navaneethan Arora,7243297218,Buyer,BUYER
LEAD-0949,Lakshmi Nair,8913534220,Enquiry,ENQUIRY
LEAD-0950,Lakshmi Ramaswamy,8793398006,Site Visit,SITE_VISIT
LEAD-0951,Tanvi Balaji,6892965296,Channel Partner,CHANNEL_PARTNER
LEAD-0952,Kavya Naidu,7484547864,Channel Partner,CHANNEL_PARTNER
LEAD-0953,Neha Das,6448194317,Enquiry,ENQUIRY
LEAD-0954,Janani Chauhan,8398218296,Site Visit,SITE_VISIT
LEAD-0955,Akash Bhat,9485349639,Buyer,BUYER
LEAD-0956,Shreya Verma,9442115834,Site Visit,SITE_VISIT
LEAD-0957,Reyansh Naidu,6264424157,Site Visit,SITE_VISIT
LEAD-0958,Hari Bhat,8051385763,Enquiry,ENQUIRY
LEAD-0959,Shreya Chatterjee,9502456442,Buyer,BUYER
LEAD-0960,Lakshmi Gupta,7170871214,Channel Partner,CHANNEL_PARTNER
LEAD-0961,Sai Mukherjee,9023767559,Channel Partner,CHANNEL_PARTNER
LEAD-0962,Azhagu Naidu,7069806808,Buyer,BUYER
LEAD-0963,Anand Verma,6630876020,Buyer,BUYER
LEAD-0964,Meera Bhat,7263207356,Channel Partner,CHANNEL_PARTNER
LEAD-0965,Vikram Balaji,7559959846,Buyer,BUYER
LEAD-0966,Ramesh Chauhan,9851882729,Channel Partner,CHANNEL_PARTNER
LEAD-0967,Pooja Joshi,6349229160,Buyer,BUYER
LEAD-0968,Myra Menon,9125117661,Site Visit,SITE_VISIT
LEAD-0969,Aadhya Bose,7074553619,Enquiry,ENQUIRY
LEAD-0970,Arjun Roy,8701177161,Site Visit,SITE_VISIT
LEAD-0971,Myra Ramaswamy,7130604079,Buyer,BUYER
LEAD-0972,Aditya Bhat,9248354727,Channel Partner,CHANNEL_PARTNER
LEAD-0973,Gopal Pillai,6769266243,Enquiry,ENQUIRY
LEAD-0974,Aarav Jain,8750072831,Enquiry,ENQUIRY
LEAD-0975,Aadhya Bhat,9487703228,Channel Partner,CHANNEL_PARTNER
LEAD-0976,Karthik Saxena,7128117889,Buyer,BUYER
LEAD-0977,Ishaan Mehta,6454048738,Channel Partner,CHANNEL_PARTNER
LEAD-0978,Hari Malhotra,6581177624,Site Visit,SITE_VISIT
LEAD-0979,Ramesh Ramaswamy,9671621878,Enquiry,ENQUIRY
LEAD-0980,Myra Kapoor,8887967512,Site Visit,SITE_VISIT
LEAD-0981,Gopal Sharma,6693666476,Site Visit,SITE_VISIT
LEAD-0982,Rohan Bhat,9735495313,Enquiry,ENQUIRY
LEAD-0983,Diya Krishnan,6974189446,Enquiry,ENQUIRY
LEAD-0984,Dinesh Sharma,9765000380,Site Visit,SITE_VISIT
LEAD-0985,Aditya Yadav,7809889433,Channel Partner,CHANNEL_PARTNER
LEAD-0986,Navaneethan Bose,6624494538,Buyer,BUYER
LEAD-0987,Janani Pillai,8094270803,Buyer,BUYER
LEAD-0988,Ananya Krishnan,8961368641,Buyer,BUYER
LEAD-0989,Aadhya Balaji,9898660982,Enquiry,ENQUIRY
LEAD-0990,Ananya Malhotra,9426820552,Site Visit,SITE_VISIT
LEAD-0991,Kavya Balaji,8061402525,Enquiry,ENQUIRY
LEAD-0992,Kavya Ramaswamy,9368338891,Enquiry,ENQUIRY
LEAD-0993,Reyansh Pillai,6627955944,Site Visit,SITE_VISIT
LEAD-0994,Diya Nair,6484006529,Site Visit,SITE_VISIT
LEAD-0995,Diya Patel,8284835410,Buyer,BUYER
LEAD-0996,Divya Sundaram,9021322936,Buyer,BUYER
LEAD-0997,Ayaan Bose,9264243166,Buyer,BUYER
LEAD-0998,Pranav Kumar,6022768040,Buyer,BUYER
LEAD-0999,Tanvi Iyer,9989569477,Channel Partner,CHANNEL_PARTNER
LEAD-1000,Akash Tripathi,7189440114,Enquiry,ENQUIRY
